-- =========================================================================
-- SYSTEM: Football Ticket Booking System Database Setup Template
-- DESCRIPTION: Pseudo-DDL Template for Table Creation & Data Insertion
-- =========================================================================
-- DROP TABLES IF THEY ALREADY EXIST TO PREVENT CONFLICTS
DROP TABLE IF EXISTS Bookings;

DROP TABLE IF EXISTS Matches;

DROP TABLE IF EXISTS Users;

-- =========================================================================
-- 1. CREATE USERS TABLE
-- =========================================================================
CREATE TABLE Users (
    user_id INT,
    full_name VARCHAR(150) NOT NULL,
    email VARCHAR(255) NOT NULL,
    role VARCHAR(30) NOT NULL,
    phone_number VARCHAR(30),
    -- Constraint to make 'user_id' the Primary Key
    PRIMARY KEY (user_id),
    -- Constraint to ensure 'email' values are never duplicated
    UNIQUE (email),
    -- Check constraint to restrict 'role' to specific allowed strings
    CONSTRAINT chk_user_role CHECK (
        role IN ('Ticket Manager', 'Football Fan')
    )
);

-- =========================================================================
-- 2. CREATE MATCHES TABLE
-- =========================================================================
CREATE TABLE Matches (
    match_id INT,
    fixture VARCHAR(200) NOT NULL,
    tournament_category VARCHAR(100) NOT NULL,
    base_ticket_price DECIMAL(10, 2) NOT NULL,
    match_status VARCHAR(30) NOT NULL,
    -- Constraint to make 'match_id' the Primary Key
    PRIMARY KEY (match_id),
    -- Check constraint to prevent negative ticket prices
    CONSTRAINT chk_ticket_price CHECK (base_ticket_price > 0),
    -- Check constraint to restrict 'match_status' values
    CONSTRAINT chk_match_status CHECK (
        match_status IN (
            'Available',
            'Selling Fast',
            'Sold Out',
            'Postponed'
        )
    )
);

-- =========================================================================
-- 3. CREATE BOOKINGS TABLE
-- =========================================================================
CREATE TABLE Bookings (
    booking_id TYPE,
    user_id TYPE,
    match_id TYPE,
    seat_number TYPE,
    payment_status TYPE,
    total_cost TYPE,
    -- Write your constraint to make 'booking_id' the Primary Key
    -- Write your Foreign Key constraint linking 'user_id' to the Users table
    -- Write your Foreign Key constraint linking 'match_id' to the Matches table
    -- Write your check constraint to ensure 'total_cost' is non-negative
    -- Write your check constraint to restrict 'payment_status' values
);

-- =========================================================================
-- DATA SEEDING: INSERT SAMPLE DATA INTO USERS
-- =========================================================================
INSERT INTO
    Users (user_id, full_name, email, role, phone_number)
VALUES
    (
        1,
        'Tanvir Rahman',
        'tanvir@mail.com',
        'Football Fan',
        '+8801711111111'
    ),
    (
        2,
        'Asif Haque',
        'asif@mail.com',
        'Football Fan',
        '+8801722222222'
    ),
    (
        3,
        'Sajjad Rahman',
        'sajjad@mail.com',
        'Ticket Manager',
        '+8801733333333'
    ),
    (
        4,
        'Jannat Ara',
        'jannat@mail.com',
        'Football Fan',
        NULL
    );

-- =========================================================================
-- DATA SEEDING: INSERT SAMPLE DATA INTO MATCHES
-- =========================================================================
INSERT INTO
    Matches (
        match_id,
        fixture,
        tournament_category,
        base_ticket_price,
        match_status
    )
VALUES
    (
        101,
        'Real Madrid vs Barcelona',
        'Champions League',
        150.00,
        'Available'
    ),
    (
        102,
        'Man City vs Liverpool',
        'Premier League',
        120.00,
        'Selling Fast'
    ),
    (
        103,
        'Bayern Munich vs PSG',
        'Champions League',
        130.00,
        'Available'
    ),
    (
        104,
        'AC Milan vs Inter Milan',
        'Serie A',
        90.00,
        'Sold Out'
    ),
    (
        105,
        'Juventus vs Roma',
        'Serie A',
        80.00,
        'Available'
    );

-- =========================================================================
-- DATA SEEDING: INSERT SAMPLE DATA INTO BOOKINGS
-- =========================================================================
INSERT INTO
    Bookings (
        booking_id,
        user_id,
        match_id,
        seat_number,
        payment_status,
        total_cost
    )
VALUES
    (501, 1, 101, 'A-12', 'Confirmed', 150.00),
    (502, 1, 102, 'B-04', 'Confirmed', 120.00),
    (503, 2, 101, 'A-13', 'Confirmed', 150.00),
    (504, 2, 101, NULL, NULL, 150.00),
    (505, 3, 102, 'C-20', 'Pending', 120.00);